{
  "bleu": 16.056819439399494,
  "chrf": 45.97192542978614,
  "comet": 0.67359972501525
}